Name,X,Y,BlueF,GreenF,RedF,Parallax,RadialVelocity,Variable?
BackS18753,-37.1901,24.0507,5.674e-20,6.438e-20,5.953e-20,-0.0,36.51,0
BackS18757,-37.2524,24.0920,2.734e-20,3.655e-20,4.731e-20,-0.0,38.11,0
BackS18758,-37.2610,24.0970,1.560e-20,2.051e-20,2.598e-20,0.0,38.84,0
BackS18762,-37.2596,24.1020,8.609e-18,6.690e-18,2.914e-18,0.0,40.48,1
BackS18764,-37.3058,24.1349,9.154e-20,1.002e-19,8.848e-20,0.0,40.92,0
BackS18774,-37.2469,24.1026,2.727e-18,2.256e-18,1.124e-18,-0.0,37.73,0
BackS18778,-37.2821,24.1216,6.891e-19,6.330e-19,3.978e-19,0.0,40.51,0
BackS18785,-37.2393,24.0898,1.270e-19,1.349e-19,1.070e-19,-0.0,37.27,0
BackS18792,-37.2571,24.0982,3.532e-20,4.324e-20,4.704e-20,0.0,38.72,0
BackS18796,-37.1910,24.0374,2.958e-19,3.025e-19,2.271e-19,-0.0,36.86,0
BackS18797,-37.2357,24.0789,5.580e-20,6.486e-20,6.379e-20,-0.0,37.1,0
BackS18798,-37.1505,24.0216,7.917e-20,8.871e-20,8.246e-20,-0.0,36.56,0
BackS18799,-37.2579,24.1015,1.323e-19,1.458e-19,1.282e-19,-0.0,38.85,0
BackS18801,-37.2499,24.0960,6.738e-14,4.792e-14,1.754e-14,-0.0,37.41,0
BackS18805,-37.2967,24.1353,1.468e-20,1.931e-20,2.549e-20,0.001,40.19,0
BackS18808,-37.2572,24.1055,2.171e-18,4.478e-18,1.477e-17,0.0,38.95,0
BackS18810,-37.2415,24.0928,1.793e-20,2.454e-20,3.429e-20,-0.001,37.32,0
BackS18813,-37.2556,24.0998,4.043e-20,4.898e-20,5.318e-20,-0.0,38.03,1
BackS18816,-37.3107,24.0812,1.008e-19,1.075e-19,8.850e-20,-0.0,39.03,0
BackS18822,-37.2044,24.0266,1.633e-19,1.764e-19,1.502e-19,0.001,37.86,0
BackS18831,-37.2780,24.1094,4.967e-20,5.751e-20,5.544e-20,-0.0,40.39,0
BackS18832,-37.3019,24.1453,4.030e-20,5.014e-20,5.627e-20,-0.0,40.12,0
BackS18836,-37.2224,24.0810,5.074e-19,4.894e-19,3.313e-19,0.0,36.65,0
BackS18837,-37.2397,24.0833,1.154e-19,1.219e-19,1.026e-19,-0.0,37.27,0
BackS18840,-37.4304,24.3164,6.124e-19,5.859e-19,3.830e-19,-0.0,39.99,0
BackS18849,-37.3112,24.1682,3.049e-19,3.131e-19,2.444e-19,-0.0,40.12,0
BackS18850,-37.2708,24.1016,4.135e-19,4.086e-19,2.849e-19,-0.0,39.69,0
BackS18852,-37.2828,24.1587,4.109e-20,5.148e-20,5.879e-20,-0.001,39.4,0
BackS18853,-37.2698,24.1250,2.599e-14,1.826e-14,6.573e-15,0.0,40.28,0
BackS18856,-37.0783,23.9368,1.083e-20,1.518e-20,2.163e-20,0.001,36.88,0
BackS18857,-37.2401,24.0798,9.451e-19,1.958e-18,6.661e-18,0.0,37.9,0
BackS18863,-37.2544,24.0905,1.521e-20,1.988e-20,2.441e-20,-0.001,38.32,0
BackS18881,-37.1973,24.0493,2.943e-18,5.122e-18,1.156e-17,0.001,36.82,0
BackS18883,-37.1731,24.0658,1.428e-20,1.854e-20,2.292e-20,-0.0,37.33,0
BackS18887,-37.3268,24.1627,4.764e-19,9.081e-19,2.442e-18,-0.001,40.94,0
BackS18896,-37.2863,24.1101,8.166e-20,9.383e-20,8.871e-20,0.0,40.04,0
BackS18902,-37.2576,24.1029,1.695e-18,3.941e-18,1.629e-17,-0.0,38.91,0
BackS18903,-37.2576,24.0990,1.587e-18,1.319e-18,6.657e-19,-0.001,38.37,0
BackS18905,-37.1892,24.0593,2.059e-18,1.920e-18,1.231e-18,0.001,36.42,0
BackS18907,-37.2347,24.0744,2.779e-19,2.699e-19,1.875e-19,-0.001,37.17,0
BackS18910,-37.2735,24.1140,4.269e-20,5.186e-20,5.543e-20,-0.001,40.03,0
BackS18912,-37.2651,24.1126,4.242e-19,4.185e-19,2.997e-19,0.0,39.36,0
BackS18913,-37.3053,24.1338,1.011e-19,1.106e-19,9.295e-20,-0.0,40.97,0
BackS18914,-37.2804,24.1174,2.724e-19,2.870e-19,2.294e-19,0.0,40.5,0
BackS18924,-37.2843,24.1270,2.360e-19,2.484e-19,1.985e-19,-0.001,39.97,0
BackS18926,-37.2484,24.0978,4.446e-19,4.531e-19,3.353e-19,-0.001,37.83,0
BackS18928,-37.2500,24.1073,5.329e-18,1.167e-17,4.319e-17,0.0,38.7,1
BackS18939,-37.2726,24.1173,2.137e-20,2.669e-20,3.113e-20,-0.0,40.42,0
BackS18943,-37.1800,24.0369,2.459e-19,2.438e-19,1.796e-19,0.0,36.82,0
BackS18948,-37.3061,24.1279,9.493e-20,1.118e-19,1.168e-19,0.001,40.63,0
BackS18951,-37.1080,23.9912,1.872e-19,2.025e-19,1.694e-19,-0.001,36.48,0
BackS18956,-37.2626,24.0927,2.131e-20,2.683e-20,3.082e-20,-0.0,38.59,0
BackS18958,-37.2611,24.1031,2.696e-18,2.293e-18,1.175e-18,-0.0,39.43,0
BackS18959,-37.2614,24.1099,1.087e-20,1.473e-20,2.006e-20,0.001,40.15,0
BackS18962,-37.2419,24.1278,1.014e-19,1.188e-19,1.192e-19,-0.0,38.8,0
BackS18963,-37.2163,24.1152,1.264e-18,1.171e-18,7.084e-19,-0.0,38.49,0
BackS18966,-37.2836,24.1013,5.700e-20,6.651e-20,6.769e-20,0.0,39.3,0
BackS18984,-37.2678,24.1032,5.920e-14,6.238e-14,4.975e-14,-0.001,39.53,1
BackS18987,-37.2827,24.1168,3.497e-19,3.494e-19,2.531e-19,-0.0,40.4,0
BackS18994,-37.3562,24.1721,1.577e-19,1.614e-19,1.245e-19,-0.001,40.91,0
BackS18996,-37.3382,24.1578,5.611e-14,4.040e-14,1.548e-14,0.0,41.07,0
BackS18999,-37.0183,23.9662,3.534e-19,3.503e-19,2.478e-19,-0.001,36.63,0
BackS19000,-37.2953,24.1207,5.849e-14,4.194e-14,1.547e-14,0.0,40.29,0
BackS19002,-37.2503,24.1027,5.986e-20,6.641e-20,5.924e-20,0.001,37.67,0
BackS19003,-37.2012,24.0756,2.218e-20,2.697e-20,2.944e-20,0.001,36.81,0
BackS19006,-37.3180,24.1466,3.994e-18,3.263e-18,1.566e-18,0.0,40.67,0
BackS19011,-37.2269,23.9530,4.219e-20,5.307e-20,5.942e-20,0.0,38.4,0
BackS19013,-37.2634,24.1091,9.681e-20,1.133e-19,1.136e-19,-0.0,40.3,0
BackS19016,-37.2554,24.0936,2.945e-20,3.636e-20,4.109e-20,0.0,38.47,0
BackS19019,-37.2073,24.0822,2.098e-18,1.724e-18,8.307e-19,-0.001,36.59,0
BackS19028,-37.2398,24.0936,3.701e-20,4.389e-20,4.490e-20,0.001,37.14,0
BackS19032,-37.2243,24.0819,7.270e-20,8.366e-20,8.187e-20,-0.001,36.76,0
BackS19033,-37.2623,24.0815,6.634e-20,7.168e-20,6.181e-20,-0.0,38.56,0
BackS19038,-37.2642,24.1034,7.032e-19,6.403e-19,3.921e-19,-0.001,39.5,0
BackS19046,-37.2688,24.1301,5.057e-20,5.960e-20,6.078e-20,-0.0,39.34,0
BackS19047,-37.2318,24.0834,4.280e-19,4.386e-19,3.236e-19,-0.001,36.89,0
BackS19048,-37.2723,24.1135,3.762e-20,4.301e-20,4.031e-20,-0.0,40.27,0
BackS19049,-37.2542,24.0899,5.369e-19,5.234e-19,3.675e-19,-0.001,37.75,0
BackS19052,-37.2656,24.0973,6.839e-14,5.218e-14,2.195e-14,-0.001,38.96,1
BackS19054,-37.2588,24.1002,2.065e-20,2.674e-20,3.241e-20,0.001,38.84,0
BackS19055,-37.2824,24.1086,2.552e-18,3.611e-18,5.319e-18,0.0,39.86,0
BackS19056,-37.2596,24.0994,5.909e-20,6.590e-20,6.026e-20,0.0,38.93,0
BackS19063,-37.2216,24.0782,6.310e-20,7.554e-20,7.748e-20,-0.0,36.6,0
BackS19067,-37.2551,24.0966,1.345e-18,2.925e-18,1.032e-17,-0.001,38.12,0
BackS19071,-37.2931,24.1129,6.484e-20,7.146e-20,6.256e-20,0.0,40.5,0
BackS19073,-37.2549,24.1015,2.466e-14,1.669e-14,5.746e-15,-0.001,38.33,0
BackS19074,-37.2671,24.1053,9.531e-19,1.578e-18,3.221e-18,0.001,40.41,0
BackS19077,-37.2563,24.0882,2.096e-18,3.514e-18,7.512e-18,-0.001,38.33,0
BackS19078,-37.2512,24.0864,9.085e-14,6.942e-14,2.967e-14,-0.0,38.35,1
BackS19079,-37.3138,24.1180,1.214e-18,2.118e-18,4.718e-18,0.001,39.98,0
BackS19081,-37.2780,24.1036,4.012e-19,4.102e-19,3.063e-19,-0.0,39.71,0
BackS19084,-37.2463,24.1119,9.050e-19,8.076e-19,4.559e-19,0.001,38.72,0
BackS19089,-37.1231,24.0194,4.870e-18,3.893e-18,1.879e-18,0.001,36.63,0
BackS19093,-37.3970,24.2411,5.134e-14,3.586e-14,1.251e-14,-0.001,40.3,0
BackS19098,-37.2481,24.0803,2.394e-19,2.247e-19,1.459e-19,0.001,37.88,0
BackS19111,-37.2942,24.1406,3.491e-20,4.436e-20,5.196e-20,-0.0,40.32,0
BackS19115,-37.2355,24.0871,2.033e-19,2.090e-19,1.610e-19,0.0,36.91,0
BackS19116,-37.2574,24.0834,2.515e-18,4.167e-18,8.534e-18,0.0,38.37,0
BackS19119,-37.2424,24.0890,1.086e-18,9.619e-19,5.632e-19,-0.001,37.11,0
BackS19122,-37.2981,24.1249,1.310e-18,2.384e-18,5.996e-18,0.0,40.82,0
BackS19123,-37.1223,24.0259,2.352e-18,1.973e-18,9.723e-19,-0.0,36.68,0
BackS19126,-37.2630,24.1155,7.979e-19,7.424e-19,4.704e-19,0.001,39.41,0
BackS19128,-37.2504,24.0836,8.682e-14,6.480e-14,2.572e-14,0.0,37.93,0
BackS19135,-37.2632,24.1005,1.837e-20,2.397e-20,2.935e-20,-0.001,39.72,0
BackS19140,-37.2657,24.1093,1.689e-20,2.226e-20,2.702e-20,-0.0,40.35,0
BackS19144,-37.2495,24.1125,3.180e-19,3.227e-19,2.409e-19,-0.001,38.76,0
BackS19145,-37.2405,24.0756,4.232e-20,5.143e-20,5.440e-20,0.0,37.71,0
BackS19146,-37.2390,24.0720,3.616e-19,3.576e-19,2.519e-19,-0.001,38.0,0
BackS19147,-37.2467,24.0929,1.697e-19,1.847e-19,1.587e-19,-0.0,37.88,0
BackS19149,-37.1523,24.0043,1.340e-20,1.814e-20,2.398e-20,0.0,36.88,0
BackS19155,-37.2211,24.0742,1.477e-18,1.331e-18,7.791e-19,0.0,36.71,0
BackS19158,-37.3134,24.1248,1.859e-18,2.950e-18,5.434e-18,-0.0,40.23,0
BackS19165,-37.1799,24.0642,3.660e-18,5.347e-18,8.289e-18,0.0,37.17,0
BackS19166,-37.2257,24.0785,1.527e-19,1.641e-19,1.379e-19,-0.0,36.8,0
BackS19169,-37.3415,24.1839,1.625e-18,2.704e-18,5.862e-18,-0.0,40.58,0
BackS19175,-37.1865,24.0483,1.066e-19,1.150e-19,9.949e-20,0.001,36.54,0
BackS19183,-37.2595,24.1059,3.575e-19,3.669e-19,2.729e-19,0.0,40.19,0
BackS19185,-37.2600,24.1070,3.368e-20,3.963e-20,4.177e-20,0.0,39.05,0
BackS19186,-37.2882,24.1363,9.359e-19,8.736e-19,5.446e-19,-0.0,40.33,0
BackS19188,-37.1853,24.0494,5.547e-19,5.264e-19,3.483e-19,0.0,36.5,0
BackS19195,-37.2810,24.0960,4.115e-20,4.862e-20,4.994e-20,0.0,39.3,0
BackS19203,-37.3243,24.1397,1.100e-18,1.050e-18,6.871e-19,0.0,40.95,0
BackS19211,-37.2629,24.1088,1.025e-19,1.164e-19,1.092e-19,-0.001,40.3,0
BackS19212,-37.1872,24.1010,5.442e-18,9.187e-18,1.920e-17,0.0,38.25,0
BackS19217,-37.2557,24.1038,2.092e-20,2.566e-20,2.761e-20,-0.001,39.15,0
BackS19221,-37.2573,24.1055,2.824e-19,2.899e-19,2.173e-19,0.0,40.04,0
BackS19222,-37.1472,24.0110,4.093e-19,4.189e-19,3.202e-19,-0.0,36.7,0
BackS19224,-37.2618,24.1137,3.733e-18,8.728e-18,3.794e-17,-0.0,39.7,1
BackS19228,-37.2502,24.0969,1.110e-20,1.475e-20,1.951e-20,-0.0,37.44,0
BackS19230,-37.2780,24.1003,1.258e-17,9.706e-18,4.145e-18,0.0,39.3,0
BackS19232,-37.1480,24.0394,4.074e-18,8.213e-18,2.490e-17,-0.001,36.6,1
BackS19235,-37.3015,24.1261,4.975e-20,5.723e-20,5.384e-20,0.001,40.56,0
BackS19236,-37.2907,24.1164,5.786e-19,1.064e-18,2.621e-18,0.001,40.16,0
BackS19237,-37.4047,24.2171,4.815e-20,5.538e-20,5.123e-20,0.001,41.05,0
BackS19238,-37.2307,24.0864,1.613e-20,2.114e-20,2.607e-20,-0.0,36.93,0
BackS19249,-37.2260,24.0992,2.176e-20,2.610e-20,2.777e-20,0.0,38.16,0
BackS19254,-37.2380,24.0937,1.725e-18,4.153e-18,1.829e-17,-0.001,37.17,1
BackS19255,-37.2540,24.1040,6.011e-20,7.085e-20,6.902e-20,0.0,38.65,0
BackS19256,-37.2892,24.0877,9.633e-20,1.148e-19,1.126e-19,0.0,39.04,0
BackS19261,-37.2452,24.0979,2.196e-18,1.971e-18,1.171e-18,-0.0,37.13,0
BackS19265,-37.2425,24.0956,3.907e-19,3.864e-19,2.730e-19,-0.0,37.6,0
BackS19266,-37.2152,24.0757,2.117e-19,2.183e-19,1.657e-19,0.0,36.95,0
BackS19269,-37.2451,24.0969,3.486e-20,4.174e-20,4.347e-20,0.0,37.24,0
BackS19276,-37.2172,24.0567,2.713e-19,2.703e-19,1.978e-19,-0.0,37.11,0
BackS19287,-37.3138,24.1548,3.896e-20,4.621e-20,4.710e-20,-0.0,40.67,0
BackS19289,-37.2754,24.1100,3.130e-20,3.895e-20,4.338e-20,-0.0,39.87,0
BackS19294,-37.2699,24.1228,3.112e-19,3.292e-19,2.566e-19,0.001,39.51,0
BackS19300,-37.2666,24.1089,5.267e-20,6.019e-20,5.599e-20,0.0,40.03,0
BackS19302,-37.2442,24.0925,1.141e-18,1.999e-18,4.622e-18,-0.001,37.48,0
BackS19308,-37.2149,24.0806,8.860e-19,7.596e-19,4.010e-19,-0.0,37.66,0
BackS19309,-37.1747,24.0350,1.031e-18,9.067e-19,4.886e-19,-0.0,36.8,0
BackS19310,-37.2019,24.0991,1.538e-20,1.976e-20,2.449e-20,0.0,38.19,0
BackS19313,-37.2717,24.1057,1.081e-15,7.055e-16,2.222e-16,0.001,39.72,0
BackS19315,-37.2336,24.0899,6.051e-18,1.599e-17,8.819e-17,0.0,37.32,1
BackS19316,-37.2765,24.0934,1.562e-20,2.083e-20,2.698e-20,-0.001,39.24,0
BackS19320,-37.2686,24.1078,3.534e-20,4.480e-20,5.185e-20,-0.001,40.1,0
BackS19322,-37.1800,24.0381,2.058e-20,2.538e-20,2.876e-20,-0.0,36.56,0
BackS19325,-37.2367,24.0867,3.216e-19,3.085e-19,2.107e-19,-0.0,37.23,0
BackS19332,-37.2552,24.0979,4.092e-19,4.233e-19,3.319e-19,0.001,38.21,0
BackS19337,-37.2337,24.0735,1.456e-18,2.456e-18,5.204e-18,-0.0,37.35,0
BackS19342,-37.2456,24.1176,2.859e-20,3.744e-20,4.623e-20,-0.0,38.8,0
BackS19343,-37.2272,24.0820,1.540e-18,3.263e-18,1.141e-17,-0.0,36.99,0
BackS19344,-37.2779,24.1210,8.963e-20,1.001e-19,9.329e-20,-0.001,39.76,0
BackS19345,-37.2608,24.1054,2.268e-19,4.244e-19,1.141e-18,-0.001,39.12,0
BackS19346,-37.2638,24.0950,9.067e-19,1.806e-18,5.583e-18,-0.0,39.6,0
BackS19347,-37.1469,24.0147,1.140e-18,2.097e-18,5.318e-18,-0.0,36.62,0
BackS19348,-37.2378,24.0821,2.754e-18,4.384e-18,8.071e-18,-0.0,36.86,0
BackS19352,-37.2633,24.0989,2.462e-20,3.264e-20,4.315e-20,0.001,39.69,0
BackS19356,-37.3041,24.1384,1.438e-19,1.604e-19,1.391e-19,-0.0,40.97,0
BackS19357,-37.2896,24.0871,7.946e-20,9.144e-20,8.871e-20,-0.0,38.94,0
BackS19362,-37.2387,24.0978,3.319e-20,4.069e-20,4.370e-20,-0.0,37.43,0
BackS19363,-37.2606,24.0999,1.347e-20,1.807e-20,2.480e-20,0.0,40.11,0
BackS19365,-37.2575,24.0972,4.971e-19,4.813e-19,3.153e-19,0.0,37.84,0
BackS19366,-37.2572,24.0979,5.756e-20,7.067e-20,7.832e-20,0.0,37.8,0
BackS19369,-37.2522,24.1160,2.211e-19,2.360e-19,1.958e-19,0.001,38.88,0
BackS19370,-37.2267,24.0809,2.635e-18,5.316e-18,1.658e-17,-0.0,37.07,0
BackS19375,-37.2545,24.1025,2.956e-19,3.060e-19,2.466e-19,-0.0,37.39,0
BackS19385,-37.2669,24.1016,1.283e-18,2.792e-18,1.034e-17,-0.0,39.19,0
BackS19386,-37.2542,24.0997,1.321e-18,1.191e-18,6.675e-19,-0.0,37.33,0
BackS19388,-37.2518,24.0837,1.308e-18,1.143e-18,6.469e-19,-0.001,37.21,0
BackS19395,-37.2807,24.1034,2.855e-20,3.702e-20,4.457e-20,0.001,39.51,0
BackS19416,-37.2581,24.0998,1.046e-19,1.145e-19,9.705e-20,0.001,38.01,0
BackS19418,-37.3002,24.1768,2.142e-14,1.444e-14,4.893e-15,0.001,39.64,0
BackS19422,-37.2836,24.1342,6.272e-20,6.780e-20,5.751e-20,-0.0,40.92,0
BackS19423,-37.3571,24.1731,1.147e-18,2.163e-18,5.876e-18,0.001,41.04,0
BackS19427,-37.2464,24.0974,6.050e-19,5.813e-19,3.925e-19,0.0,37.59,0
BackS19436,-37.2691,24.1241,3.593e-14,2.772e-14,1.242e-14,-0.001,39.57,1
BackS19447,-37.2693,24.1219,9.661e-19,1.473e-18,2.633e-18,0.0,39.77,0
BackS19448,-37.3131,24.1163,7.991e-20,8.979e-20,8.233e-20,-0.0,40.07,0
BackS19449,-37.2743,24.1018,1.450e-18,2.633e-18,6.882e-18,0.0,39.49,0
BackS19451,-37.2806,24.1192,1.517e-20,2.077e-20,2.851e-20,-0.0,40.68,0
BackS19454,-37.2613,24.1032,1.429e-19,1.586e-19,1.417e-19,-0.0,40.11,0
BackS19457,-37.2824,24.1404,1.050e-18,2.058e-18,5.878e-18,0.001,39.63,0
BackS19460,-37.1345,24.0251,9.686e-20,1.074e-19,9.672e-20,0.0,36.73,0
BackS19462,-37.2611,24.0830,3.268e-19,3.377e-19,2.533e-19,0.0,38.37,0
BackS19465,-37.1827,24.0422,2.547e-14,1.735e-14,6.025e-15,0.001,36.69,0
BackS19466,-37.3327,24.1143,2.353e-20,3.046e-20,3.865e-20,-0.0,39.62,0
BackS19476,-37.2225,24.0873,2.042e-20,2.654e-20,3.305e-20,0.0,36.9,0
BackS19477,-37.2461,24.1090,1.372e-20,1.785e-20,2.254e-20,-0.0,38.59,0
BackS19478,-37.4231,24.2316,2.423e-14,1.675e-14,5.573e-15,0.001,41.03,0
BackS19479,-37.2448,24.0982,1.126e-20,1.543e-20,2.077e-20,-0.0,37.91,0
BackS19481,-37.3664,24.1862,1.568e-19,1.682e-19,1.426e-19,0.001,40.95,0
BackS19483,-37.2346,24.0799,2.314e-20,2.833e-20,3.125e-20,0.001,36.9,0
BackS19489,-37.3586,24.1802,2.454e-18,2.055e-18,1.066e-18,-0.001,40.95,0
BackS19490,-37.2644,24.1041,2.116e-19,2.164e-19,1.686e-19,0.0,39.57,0
BackS19496,-37.2725,24.0980,7.226e-20,8.118e-20,7.440e-20,0.001,39.14,0
BackS19497,-37.2409,24.1027,4.873e-19,4.853e-19,3.394e-19,0.001,38.47,0
BackS19499,-37.2884,24.1098,7.524e-20,8.641e-20,8.022e-20,0.001,40.52,0
BackS19501,-37.1691,24.0430,2.189e-19,2.364e-19,1.971e-19,0.0,36.51,0
BackS19502,-37.1943,24.0836,1.501e-20,1.970e-20,2.479e-20,0.0,38.02,0
BackS19508,-37.1935,24.0597,1.114e-20,1.440e-20,1.802e-20,-0.001,36.56,0
BackS19509,-37.2321,24.0781,3.220e-14,2.233e-14,7.676e-15,0.001,36.81,0
BackS19513,-37.2163,24.0977,1.906e-18,3.768e-18,1.125e-17,0.001,37.83,0
BackS19518,-37.3011,24.1297,1.027e-19,1.137e-19,1.003e-19,0.0,40.83,0
BackS19520,-37.2373,24.0924,2.391e-18,2.097e-18,1.156e-18,-0.0,37.35,0
BackS19521,-37.2645,24.1039,9.690e-19,1.656e-18,3.718e-18,-0.0,40.3,0
BackS19526,-37.2812,24.1210,3.120e-16,2.049e-16,6.460e-17,-0.0,40.7,0
BackS19530,-37.2693,24.1001,1.094e-18,1.006e-18,5.933e-19,-0.001,39.76,0
BackS19533,-37.2093,24.0650,4.653e-18,9.897e-18,3.478e-17,-0.0,36.65,1
BackS19534,-37.3045,24.1802,3.542e-19,3.491e-19,2.445e-19,0.0,39.66,0
BackS19539,-37.4066,24.2447,1.104e-20,1.477e-20,1.954e-20,-0.001,40.6,0
BackS19540,-37.2768,24.1240,3.927e-20,4.865e-20,5.339e-20,-0.0,40.45,0
BackS19544,-37.1698,24.0532,1.308e-19,1.462e-19,1.299e-19,-0.001,36.94,0
BackS19547,-37.2495,24.0897,2.234e-18,1.959e-18,1.064e-18,-0.0,37.11,0
BackS19548,-37.2259,24.0818,6.545e-18,5.343e-18,2.616e-18,0.0,37.48,0
BackS19551,-37.2981,24.1402,2.245e-18,1.949e-18,1.045e-18,0.001,40.75,0
BackS19553,-37.2302,24.0838,5.245e-20,6.243e-20,6.498e-20,0.001,36.83,0
BackS19554,-37.2182,24.1175,1.521e-18,2.195e-18,3.400e-18,0.001,36.79,0
BackS19555,-37.2445,24.0834,1.225e-20,1.631e-20,2.056e-20,-0.001,36.95,0
BackS19556,-37.2885,24.0992,2.568e-20,3.119e-20,3.404e-20,-0.0,40.69,0
BackS19558,-37.2642,24.0651,1.750e-19,1.732e-19,1.266e-19,0.0,37.97,0
BackS19560,-37.2251,24.0472,8.636e-19,8.043e-19,4.874e-19,0.0,36.81,0
BackS19561,-37.2850,24.1045,2.290e-18,4.534e-18,1.302e-17,-0.0,39.81,0
BackS19564,-37.2689,24.1041,1.087e-18,9.621e-19,5.644e-19,-0.0,39.77,0
BackS19565,-37.2621,24.1075,3.261e-14,2.325e-14,8.482e-15,0.0,39.33,0
BackS19567,-37.2642,24.0986,3.944e-20,4.628e-20,4.647e-20,0.001,39.07,0
BackS19568,-37.3012,24.1072,1.954e-20,2.516e-20,3.031e-20,0.0,40.05,0
BackS19569,-37.2306,24.0758,1.764e-18,1.615e-18,9.483e-19,0.001,36.9,0
BackS19570,-37.2963,24.1366,2.762e-18,2.500e-18,1.457e-18,0.0,40.98,0
BackS19574,-37.2657,24.0742,9.813e-18,7.855e-18,3.597e-18,0.002,38.2,0
BackS19575,-37.2398,24.0717,3.884e-18,6.328e-18,1.248e-17,-0.001,37.34,0
BackS19580,-37.2423,24.1111,1.255e-19,1.379e-19,1.171e-19,-0.0,38.52,0
BackS19581,-37.2035,24.1108,5.349e-14,3.878e-14,1.450e-14,-0.0,36.62,0
BackS19583,-37.1871,24.0672,3.667e-20,4.361e-20,4.565e-20,-0.0,36.67,0
BackS19584,-37.2505,24.0779,5.288e-18,4.259e-18,2.002e-18,0.0,37.9,0
BackS19586,-37.3013,24.1183,1.543e-19,1.691e-19,1.484e-19,0.001,39.93,0
BackS19587,-37.2687,24.1497,1.176e-18,1.055e-18,6.247e-19,0.001,40.95,0
BackS19592,-37.3015,24.0969,1.370e-20,1.812e-20,2.253e-20,0.0,40.33,0
BackS19593,-37.2499,24.1002,6.617e-18,5.201e-18,2.374e-18,0.0,37.62,0
BackS19595,-37.2680,24.1044,2.750e-18,2.324e-18,1.187e-18,0.0,39.41,0
BackS19601,-37.2676,24.1201,1.837e-18,2.922e-18,5.407e-18,-0.001,40.37,0
BackS19602,-37.2876,24.1186,6.271e-19,1.149e-18,2.833e-18,-0.001,40.46,0
BackS19603,-37.2645,24.0853,7.040e-20,7.953e-20,7.159e-20,-0.0,38.56,0
BackS19604,-37.2319,24.0805,1.652e-19,1.852e-19,1.656e-19,0.0,37.67,0
BackS19605,-37.2507,24.0559,3.230e-14,2.223e-14,7.884e-15,0.0,37.61,0
BackS19609,-37.2503,24.1155,4.242e-19,4.282e-19,3.154e-19,-0.0,40.6,0
BackS19611,-37.3046,24.1196,1.948e-19,2.117e-19,1.769e-19,-0.0,40.81,0
BackS19612,-37.2818,24.1113,3.230e-18,2.699e-18,1.425e-18,0.0,40.09,0
BackS19615,-37.2614,24.0950,1.462e-19,1.517e-19,1.192e-19,-0.001,38.26,0
BackS19618,-37.2290,24.1246,5.430e-20,6.116e-20,5.664e-20,0.0,37.85,0
BackS19620,-37.2345,24.0585,1.007e-18,9.008e-19,5.309e-19,0.0,36.52,0
BackS19621,-37.2370,24.0746,7.695e-19,6.910e-19,4.190e-19,-0.001,37.02,0
BackS19622,-37.2412,24.0781,1.010e-18,9.397e-19,5.875e-19,0.0,37.27,0
BackS19623,-37.1777,24.0427,2.576e-18,3.337e-18,4.162e-18,0.0,36.58,0
BackS19624,-37.2631,24.0761,5.170e-19,5.036e-19,3.489e-19,0.0,37.82,0
BackS19626,-37.1990,24.0698,1.729e-17,1.304e-17,5.308e-18,0.001,36.55,0
BackS19627,-37.2753,24.0721,1.515e-18,2.142e-18,3.220e-18,-0.001,38.71,0
BackS19628,-37.2835,24.1538,2.000e-19,1.972e-19,1.336e-19,-0.001,40.81,0
BackS19633,-37.2329,24.0820,1.028e-18,1.637e-18,2.989e-18,0.0,37.21,0
BackS19638,-37.2363,24.0964,8.968e-19,8.410e-19,5.417e-19,0.0,36.98,0
BackS19639,-37.2398,24.1122,7.198e-14,5.070e-14,1.850e-14,-0.0,38.3,0
BackS19641,-37.3111,24.1444,1.691e-18,2.342e-18,3.398e-18,-0.0,40.51,0
BackS19642,-37.2677,24.1331,4.003e-18,8.370e-18,2.710e-17,0.001,40.75,1
BackS19644,-37.2604,24.0858,7.198e-19,6.958e-19,4.723e-19,-0.0,38.25,0
BackS19645,-37.2387,24.0879,5.662e-20,6.731e-20,7.259e-20,0.001,36.99,0
BackS19646,-37.2380,24.0779,8.158e-20,9.376e-20,9.107e-20,-0.0,36.94,0
BackS19648,-37.2549,24.0656,2.068e-18,4.842e-18,2.009e-17,0.0,36.72,1
BackS19649,-37.2787,24.1368,1.673e-18,3.413e-18,1.034e-17,-0.001,40.88,0
BackS19650,-37.2905,24.1227,8.832e-14,6.263e-14,2.245e-14,0.0,40.8,0
BackS19651,-37.2568,24.0892,2.646e-20,3.505e-20,4.402e-20,0.002,38.36,0
BackS19654,-37.2525,24.1285,1.330e-20,1.868e-20,2.747e-20,-0.001,39.73,0
BackS19655,-37.2443,24.1206,4.841e-20,5.677e-20,5.893e-20,-0.001,38.81,0
BackS19657,-37.2394,24.0588,5.001e-17,3.671e-17,1.437e-17,0.0,36.66,0
BackS19659,-37.3068,24.1305,3.415e-18,5.561e-18,1.069e-17,-0.001,40.96,0
BackS19662,-37.2698,24.0950,2.314e-18,2.017e-18,1.159e-18,0.0,39.71,0
BackS19663,-37.2436,24.0774,2.788e-19,2.704e-19,1.846e-19,0.0,37.25,0
BackS19665,-37.3033,24.0801,4.872e-20,5.671e-20,5.567e-20,0.0,40.37,0
BackS19666,-37.2507,24.1051,9.101e-20,1.024e-19,9.141e-20,0.001,38.22,0
BackS19670,-37.2554,24.0832,9.612e-20,1.065e-19,9.066e-20,-0.001,38.08,0
BackS19671,-37.1957,24.0667,7.873e-20,8.917e-20,8.171e-20,0.0,36.63,0
BackS19674,-37.2304,24.1242,1.404e-19,1.475e-19,1.150e-19,0.001,38.18,0
BackS19676,-37.2583,24.0862,8.503e-20,9.662e-20,9.275e-20,-0.0,38.39,0
BackS19679,-37.2213,24.0504,1.023e-18,9.248e-19,5.436e-19,-0.0,36.65,0
BackS19683,-37.2609,24.0609,5.851e-19,1.115e-18,3.022e-18,-0.0,37.69,0
BackS19685,-37.2731,24.1054,4.773e-19,9.979e-19,3.191e-18,0.0,40.36,0
BackS19686,-37.2765,24.0688,2.453e-19,2.651e-19,2.217e-19,-0.0,38.62,0
BackS19687,-37.2450,24.1005,4.676e-14,3.229e-14,1.140e-14,0.0,37.67,0
BackS19692,-37.2162,24.0485,1.841e-18,1.605e-18,8.810e-19,-0.0,36.59,0
BackS19693,-37.2538,24.1140,1.724e-14,2.223e-14,2.708e-14,-0.0,38.98,0
BackS19696,-37.2635,24.0914,2.435e-18,3.769e-18,6.624e-18,0.0,37.5,0
BackS19698,-37.2380,24.0851,7.429e-20,8.187e-20,7.162e-20,-0.001,37.51,0
BackS19699,-37.2884,24.1078,1.669e-19,1.817e-19,1.643e-19,-0.0,40.66,0
BackS19701,-37.2930,24.1126,1.521e-19,1.605e-19,1.332e-19,0.001,39.89,0
BackS19702,-37.2600,24.1172,3.874e-14,2.743e-14,1.015e-14,-0.0,40.45,0
BackS19703,-37.2243,24.0679,2.209e-19,2.244e-19,1.704e-19,0.0,36.64,0
BackS19704,-37.2092,24.0975,3.780e-19,3.861e-19,2.935e-19,0.0,36.64,0
BackS19705,-37.2887,24.0923,7.421e-15,5.442e-15,2.107e-15,-0.001,40.84,0
BackS19712,-37.2839,24.0861,1.293e-18,2.224e-18,4.820e-18,-0.0,39.88,0
BackS19713,-37.2818,24.0624,4.479e-18,8.135e-18,2.052e-17,0.0,38.45,0
BackS19715,-37.2387,24.1017,1.143e-17,8.696e-18,3.813e-18,0.0,37.91,0
BackS19720,-37.2826,24.1294,1.240e-18,1.872e-18,3.178e-18,-0.001,40.41,0
BackS19722,-37.2426,24.0996,1.274e-17,3.792e-17,2.723e-16,0.0,38.24,1
BackS19725,-37.1875,24.0796,4.291e-19,4.160e-19,2.741e-19,0.0,36.61,0
BackS19726,-37.2519,24.1085,1.092e-20,1.516e-20,2.179e-20,0.001,38.8,0
BackS19727,-37.2566,24.0902,6.695e-20,8.373e-20,9.351e-20,-0.0,38.05,0
BackS19728,-37.2669,24.1133,8.336e-14,6.397e-14,2.754e-14,0.001,39.44,1
BackS19731,-37.2950,24.1365,4.390e-19,4.488e-19,3.314e-19,0.0,40.94,0
BackS19733,-37.2485,24.0838,9.487e-20,1.047e-19,9.292e-20,-0.0,37.21,0
BackS19737,-37.2277,24.0836,8.192e-18,6.902e-18,3.467e-18,-0.0,36.83,0
BackS19738,-37.2376,24.0884,1.608e-20,2.135e-20,2.667e-20,0.0,37.04,0
BackS19740,-37.2659,24.1123,7.163e-14,5.343e-14,2.114e-14,0.0,39.83,0
BackS19741,-37.2097,24.1090,1.059e-18,2.237e-18,7.383e-18,0.001,36.72,0
BackS19742,-37.2912,24.1435,2.410e-20,3.241e-20,4.321e-20,-0.001,40.74,0
BackS19743,-37.2459,24.1189,1.472e-20,1.902e-20,2.413e-20,-0.001,38.82,0
BackS19746,-37.2623,24.0953,1.598e-20,2.134e-20,2.696e-20,-0.001,38.99,0
BackS19747,-37.2627,24.0571,2.389e-18,2.206e-18,1.325e-18,-0.0,36.68,0
BackS19748,-37.1916,24.0686,1.883e-18,1.721e-18,1.026e-18,-0.001,36.56,0
BackS19749,-37.2220,24.1299,1.137e-19,1.277e-19,1.147e-19,0.001,37.91,0
BackS19750,-37.2322,24.0536,3.509e-18,3.074e-18,1.641e-18,0.0,37.22,0
BackS19752,-37.2425,24.0982,1.309e-19,1.455e-19,1.287e-19,0.0,37.39,0
BackS19753,-37.2712,24.1196,3.139e-18,5.810e-18,1.484e-17,0.0,40.0,0
BackS19754,-37.2232,24.0927,1.756e-18,1.555e-18,8.719e-19,0.0,36.74,0
BackS19756,-37.2986,24.1296,1.256e-19,1.339e-19,1.150e-19,0.0,40.81,0
BackS19757,-37.2582,24.1310,8.225e-18,6.395e-18,2.727e-18,0.0,40.88,0
BackS19758,-37.2145,24.0651,9.627e-19,8.304e-19,4.456e-19,-0.0,36.47,0
BackS19760,-37.3069,24.1186,5.133e-20,6.043e-20,6.059e-20,-0.001,40.97,0
BackS19762,-37.2639,24.1222,5.745e-18,4.569e-18,2.067e-18,0.0,39.99,0
BackS19763,-37.2949,24.1507,1.726e-18,2.822e-18,5.621e-18,-0.0,40.99,0
BackS19765,-37.2385,24.0818,1.191e-20,1.551e-20,1.915e-20,0.0,37.74,0
BackS19768,-37.2568,24.0794,2.158e-18,1.818e-18,9.709e-19,0.0,37.65,0
BackS19769,-37.2285,24.0968,3.641e-19,3.842e-19,3.043e-19,0.001,37.12,0
BackS19773,-37.2709,24.0836,9.800e-19,2.252e-18,9.422e-18,0.0,38.92,0
BackS19774,-37.2821,24.1054,5.500e-14,4.361e-14,1.966e-14,0.0,40.35,1
BackS19775,-37.2574,24.1008,1.334e-17,1.066e-17,5.005e-18,-0.0,34.38,0
BackS19776,-37.2577,24.1010,3.286e-18,6.064e-18,1.547e-17,0.001,42.97,0
BackS19778,-37.2574,24.1008,1.154e-18,1.906e-18,3.816e-18,-0.001,35.82,0
BackS19779,-37.2575,24.1008,3.281e-18,4.668e-18,7.268e-18,0.0,35.32,0
BackS19783,-37.1109,24.0246,1.146e-20,1.520e-20,2.012e-20,-0.0,36.98,0
BackS19794,-37.3949,24.2131,2.682e-20,3.295e-20,3.736e-20,-0.0,41.0,0
BackS19798,-37.0999,23.9731,6.134e-20,6.923e-20,6.629e-20,-0.001,36.67,0
BackS19801,-37.1373,24.0502,3.201e-19,3.117e-19,2.247e-19,-0.0,37.33,0
BackS19802,-37.3223,24.1913,8.492e-19,8.170e-19,5.592e-19,0.001,40.08,0
BackS19805,-37.2505,24.0455,3.097e-19,3.119e-19,2.345e-19,0.001,38.38,0
BackS19806,-37.3087,24.1756,3.005e-18,7.305e-18,3.472e-17,0.0,39.82,1
BackS19810,-37.1278,24.0421,4.930e-14,4.902e-14,3.455e-14,-0.001,37.09,1
BackS19812,-37.2819,24.1613,7.309e-19,1.222e-18,2.492e-18,-0.0,39.41,0
BackS19817,-37.1718,24.0108,1.235e-19,1.319e-19,1.140e-19,0.0,37.42,0
BackS19818,-37.4343,24.2009,2.534e-20,3.079e-20,3.330e-20,-0.0,40.88,0
BackS19820,-37.0651,23.9755,9.792e-19,1.418e-18,2.250e-18,-0.001,36.54,0
BackS19823,-37.1190,24.0449,2.056e-20,2.596e-20,3.049e-20,-0.001,37.27,0
BackS19827,-37.4232,24.2193,4.281e-20,5.061e-20,5.110e-20,0.001,41.06,0
BackS19828,-37.3261,24.1748,1.180e-18,1.055e-18,6.066e-19,0.0,39.98,0
BackS19831,-37.4118,24.1916,9.634e-14,7.811e-14,3.817e-14,0.0,40.91,1
BackS19835,-37.3560,24.1974,4.350e-19,4.130e-19,2.666e-19,0.001,40.39,0
BackS19844,-37.0665,23.9856,5.984e-19,5.879e-19,4.148e-19,-0.0,36.47,0
BackS19847,-37.2600,24.0520,1.768e-20,2.332e-20,2.948e-20,0.0,38.48,0
BackS19848,-37.0870,23.9962,3.219e-20,3.982e-20,4.438e-20,0.0,36.52,0
BackS19849,-37.2549,24.1509,6.118e-18,5.032e-18,2.476e-18,0.001,39.07,0
BackS19858,-37.3399,24.1923,2.082e-19,2.062e-19,1.494e-19,-0.0,40.26,0
BackS19860,-37.3296,24.1068,1.510e-20,2.012e-20,2.654e-20,0.001,39.51,0
BackS19862,-37.1035,23.9730,5.644e-20,6.555e-20,6.456e-20,-0.0,36.65,0
BackS19863,-37.1083,23.9879,2.344e-18,5.935e-18,2.874e-17,-0.0,36.55,1
BackS19865,-37.1203,24.0286,1.128e-20,1.483e-20,1.896e-20,0.001,36.98,0
BackS19872,-37.0904,23.9934,1.829e-19,1.935e-19,1.593e-19,-0.0,36.51,0
BackS19875,-37.0539,23.9649,8.431e-19,7.940e-19,5.129e-19,0.0,36.54,0
BackS19877,-37.1155,24.0077,5.158e-18,8.098e-18,1.460e-17,-0.0,36.53,0
BackS19881,-37.1575,23.9978,6.150e-19,6.095e-19,4.271e-19,0.0,37.22,0
BackS19889,-37.3971,24.2028,1.506e-19,1.648e-19,1.381e-19,-0.0,41.03,0
BackS19890,-37.2814,24.0828,1.046e-18,1.749e-18,3.601e-18,0.0,38.86,0
BackS19891,-37.1304,24.0375,1.107e-19,1.272e-19,1.178e-19,0.0,37.05,0
BackS19892,-37.0997,23.9945,1.652e-18,1.462e-18,8.381e-19,0.001,36.42,0
BackS60819,-4.4563,-5.3441,2.812e-12,2.532e-12,1.465e-12,0.065,0.36,0
BackS60840,3.6225,-11.5511,1.093e-14,1.681e-14,2.945e-14,0.067,-0.41,0
BackS60875,11.2779,9.2135,1.987e-13,2.138e-13,1.793e-13,0.049,-0.93,0
BackS60881,-12.3870,-1.8834,3.082e-17,7.171e-17,3.052e-16,0.044,1.01,0
BackS60885,-22.9466,-1.0591,1.101e-19,3.868e-19,3.844e-18,0.018,1.48,0
BackS60886,19.4139,-4.2270,1.287e-19,4.047e-19,3.204e-18,0.018,-1.31,0
BackS60927,36.1511,15.3429,1.094e-18,4.187e-18,5.199e-17,0.055,-2.44,0
BackS60980,38.7553,-20.0421,7.157e-13,8.841e-13,9.892e-13,0.213,-2.88,0
BackS60994,32.4395,4.7752,2.183e-17,4.474e-17,1.411e-16,0.034,-2.16,0
BackS60999,-44.2478,1.2332,5.784e-14,6.699e-14,6.288e-14,0.035,2.65,0
BackS61056,-22.0208,-1.8910,3.929e-16,5.575e-16,8.031e-16,0.009,1.28,0
BackS61085,-32.3436,-2.4354,8.716e-14,8.997e-14,7.045e-14,0.025,2.06,0
BackS61619,44.9167,0.0930,3.225e-12,2.650e-12,1.308e-12,0.034,-2.64,0
BackS61620,44.9448,-0.5020,3.093e-13,3.108e-13,2.230e-13,0.035,-2.68,0
BackS61622,34.0663,0.0724,6.677e-13,1.161e-12,2.705e-12,0.035,-2.26,0
BackS61625,25.6101,-0.1767,1.137e-11,8.466e-12,3.490e-12,0.034,-1.84,1
BackS61628,16.7047,-0.1209,4.666e-11,3.354e-11,1.260e-11,0.034,-1.29,0
BackS61630,11.1058,0.9132,1.660e-12,1.409e-12,7.352e-13,0.032,-0.88,0
BackS61631,11.7619,-0.2922,2.814e-11,2.074e-11,7.982e-12,0.034,-0.93,0
BackS61632,9.8144,0.1623,6.192e-11,4.515e-11,1.688e-11,0.039,-0.8,0
BackS61633,4.5926,-0.6838,2.830e-08,2.025e-08,7.800e-09,0.026,-0.36,0
BackS61634,3.2890,-0.0148,1.697e-12,2.464e-12,3.855e-12,0.033,-0.27,0
BackS61635,1.5563,-0.3122,2.509e-13,2.472e-13,1.768e-13,0.033,-0.13,0
BackS61636,-1.7743,-0.3546,1.342e-11,1.043e-11,4.562e-12,0.033,0.15,1
BackS61637,-3.3282,-0.0658,1.128e-11,8.466e-12,3.575e-12,0.029,0.26,1
BackS61641,-10.3433,0.5798,6.550e-13,9.378e-13,1.472e-12,0.028,0.8,0
BackS61643,-16.6317,0.5084,7.052e-12,5.520e-12,2.424e-12,0.028,1.24,1
BackS61647,-36.7186,1.2967,5.056e-13,9.272e-13,2.352e-12,0.032,2.34,0
BackS61649,-39.3940,0.0988,2.932e-13,2.902e-13,2.028e-13,0.03,2.42,0
BackS61650,-37.5797,-1.0168,2.700e-08,2.303e-08,1.160e-08,0.025,2.26,1
BackS61710,28.0890,-0.2361,1.056e-12,8.785e-13,4.525e-13,0.018,-1.77,0
BackS61711,21.8714,-0.0622,6.105e-12,4.544e-12,1.756e-12,0.018,-1.44,0
BackS61713,13.8221,0.3614,8.328e-12,6.329e-12,2.559e-12,0.018,-0.97,0
BackS61716,3.7756,0.3529,1.344e-12,1.147e-12,6.004e-13,0.019,-0.28,0
BackS61798,42.8997,2.1026,1.590e-12,1.371e-12,7.444e-13,0.031,-2.56,0
BackS61801,44.0276,-3.4269,4.210e-16,7.039e-16,1.439e-15,0.03,-2.59,0
BackS61803,38.5974,-2.7112,1.207e-12,1.055e-12,5.536e-13,0.035,-2.43,0
BackS61806,33.7548,1.2925,2.142e-16,3.966e-16,1.018e-15,0.039,-2.29,0
BackS61807,36.1616,-1.3732,5.606e-13,5.376e-13,3.497e-13,0.038,-2.38,0
BackS61808,24.8486,-2.9964,9.296e-13,8.253e-13,4.841e-13,0.035,-1.8,0
BackS61809,23.5417,-0.9804,1.152e-12,2.777e-12,1.271e-11,0.033,-1.71,1
BackS61810,26.8710,3.5264,5.262e-14,6.026e-14,5.772e-14,0.034,-1.91,0
BackS61813,19.0239,-2.7539,7.695e-13,2.043e-12,1.120e-11,0.034,-1.45,1
BackS61814,20.1105,-0.4195,3.578e-12,3.104e-12,1.664e-12,0.041,-1.55,0
BackS61818,13.3104,0.8692,3.629e-12,3.043e-12,1.525e-12,0.037,-1.05,0
BackS61820,11.0769,-1.5014,6.839e-11,4.946e-11,1.902e-11,0.053,-0.93,0
BackS61821,4.2799,0.7937,1.350e-14,1.732e-14,2.192e-14,0.035,-0.35,0
BackS61827,-4.9312,-0.4546,1.186e-13,1.322e-13,1.181e-13,0.039,0.41,0
BackS61831,-10.1982,1.1336,5.009e-13,4.513e-13,2.656e-13,0.032,0.81,0
BackS61836,-14.6955,1.3667,2.159e-17,4.791e-17,1.823e-16,0.024,1.08,0
BackS61838,-24.1546,2.0281,1.574e-16,2.813e-16,7.037e-16,0.029,1.71,0
BackS61840,-33.0410,0.9294,8.097e-12,6.119e-12,2.626e-12,0.028,2.15,1
BackS61841,-22.6396,-1.4228,2.765e-13,5.165e-13,1.336e-12,0.023,1.57,0
BackS61843,-40.1246,1.4019,7.241e-12,5.695e-12,2.624e-12,0.031,2.43,0
BackS61845,-38.5350,-0.2794,1.786e-12,3.286e-12,8.382e-12,0.03,2.38,0
BackS61922,42.0703,0.7000,8.869e-18,1.939e-17,7.246e-17,0.016,-2.22,0
BackS61930,22.6792,0.2139,8.953e-18,2.040e-17,8.164e-17,0.02,-1.52,0
BackS61931,13.5653,0.0525,7.640e-17,1.459e-16,3.920e-16,0.016,-0.93,0
BackS61934,8.3260,-0.2888,1.551e-13,1.399e-13,8.265e-14,0.018,-0.59,0
BackS61938,-0.2194,-1.5280,2.333e-18,5.689e-18,2.525e-17,0.017,0.01,0
BackS61939,-2.4598,-1.3407,4.108e-15,5.289e-15,6.379e-15,0.019,0.17,0
BackS61941,-10.3379,0.2487,5.435e-17,1.046e-16,2.930e-16,0.024,0.78,0
BackS61942,-15.4311,0.2846,2.696e-13,2.504e-13,1.566e-13,0.022,1.1,0
